Marie,w
Maria,w
Sophie,w
Paul,m
Noah,m
Ben,m
Jonas,m
Mila,w
Marie,w
Emilia,w
Felix,m
Emma,w
Leon,m
Mia,w
Anna,w
Alexander,m
Maximilian,m
Maximilian,m
Lena,w
Elias,m
Anton,m
Ella,w
Emil,m
Sophie,w
Lea,w
Jonathan,m
Sophia,w
Lukas,m
Ida,w
Alexander,m
Julian,m
Louis,m
Paul,m
Lina,w
Moritz,m
David,m
Jan,m
Finn,m
Jakob,m
Leonard,m
Oskar,m
Tom,m
Clara,w
Lara,w
Amelie,w
Leo,m
Mats,m
Liam,m
Johanna,w
Paula,w
Luca,m
Charlotte,w
Leni,w
Luisa,w
Greta,w
Henri,m
Samuel,m
Johanna,w
Elisa,w
Emily,w
Lotta,w
Laura,w
Elias,m
Hanna,w
Lia,w
Max,m
Henry,m
Milan,m
Charlotte,w
Elisabeth,w
Hannah,w
Marlene,w
Nele,w
Sofia,w
Katharina,w
Anton,m
Julius,m
Tim,m
Maria,w
Emilia,w
Philipp,m
Theo,m
Elif,w
Leonie,w
Mira,w
Matteo,m
Luisa,w
Luise,w
Carla,w
Adam,m
Emir,m
Karl,m
Luis,m
Vincent,m
Ali,m
Johannes,m
Sophia,w
Johann,m
Benjamin,m
Daniel,m
Nora,w
Jonah,m
Elisa,w
Antonia,w
Carlotta,w
Maya,w
Romy,w
Muhammed,m
Niklas,m
Benjamin,m
Karl,m
Frieda,w
Zeynep,w
David,m
Frida,w
Pauline,w
Justus,m
Leonard,m
Peter,m
Elena,w
Lisa,w
Levi,m
Luna,w
Felix,m
Malik,m
Ava,w
Mattis,m
Helena,w
Anna,w
Jakob,m
Emilio,m
Ela,w
Johann,m
Jana,w
Ömer,m
Julia,w
Mara,w
Mathilda,w
Mina,w
Paulina,w
Bruno,m
Carl,m
Fritz,m
Gabriel,m
Hannes,m
Isabella,w
Konstantin,m
Juna,w
Simon,m
Matilda,w
Toni,m
Sarah,w
Nur,w
Christian,m
Jonathan,m
Valentin,m
Aaron,m
Eva,w
Frederik,m
Liya,w
Joshua,m
Luise,w
Linus,m
Sara,w
Mika,m
Piet,m
Victoria,w
Lilly,w
Maja,w
Ali,m
Tilda,w
Erik,m
Florian,m
Kian,m
Leonardo,m
Mert,m
Carlotta,w
Can,m
Alessia,w
Klara,w
Melina,w
Nina,w
Stella,w
Theodor,m
Marie,w
Marlene,w
Noah,m
Theodor,m
Louisa,w
Damian,m
Meryem,w
Milo,m
Rafael,m
Maria,w
Su,w
Frederik,m
Josef,m
Julius,m
Luca,m
Philipp,m
Amira,w
Olivia,w
Adrian,m
Hamza,m
Jasper,m
Jona,m
Leandro,m
Levin,m
Marlon,m
Noel,m
Yusuf,m
Louisa,w
Jonas,m
Giulia,w
Liv,w
Thea,w
Nico,m
Sofia,w
Emil,m
Jan,m
Joel,m
Matteo,m
Jule,w
Luana,w
Melek,w
Pia,w
Alessio,m
Eric,m
Fabian,m
Ilyas,m
Johannes,m
Lasse,m
Mateo,m
Mehmet,m
Nick,m
Valentin,m
Elif,w
Josephine,w
Leni,w
Friedrich,m
Gabriel,m
Michael,m
Noel,m
Alina,w
Amelia,w
Amina,w
Anastasia,w
Aurelia,w
Josephine,w
Merle,w
Zoe,w
Arian,m
Arthur,m
Benno,m
Jacob,m
Jannis,m
Luke,m
Maxim,m
Nils,m
Ole,m
Oscar,m
Malou,w
Sofie,w
Henri,m
Konstantin,m
Louis,m
Wilhelm,m
Elina,w
Elisabeth,w
Josefine,w
Katharina,w
Linda,w
Rosa,w
Carlo,m
Joel,m
Miran,m
Raphael,m
Robin,m
Sebastian,m
Till,m
Timo,m
Clara,w
Greta,w
Helene,w
Louise,w
Andreas,m
Daniel,m
Ferdinand,m
Finn,m
Liam,m
Martin,m
Sebastian,m
Thomas,m
Alicia,w
Fiona,w
Helin,w
Martha,w
Selin,w
Victoria,w
Zehra,w
Antonio,m
Aras,m
Bela,m
Can,m
Fynn,m
Jannik,m
Kaan,m
Kilian,m
Lars,m
Lennard,m
Luan,m
Lucas,m
Mark,m
Mohamed,m
Mohammed,m
Mustafa,m
Ela,w
Isabel,w
Marleen,w
Mia,w
Benedikt,m
Emin,m
Julian,m
Leo,m
Leon,m
Matthias,m
Samuel,m
Amélie,w
Asya,w
Enna,w
Maryam,w
Melissa,w
Melody,w
Theresa,w
Valentina,w
Bilal,m
Johan,m
Lennart,m
Lio,m
Matti,m
Mohammad,m
Neo,m
Oliver,m
Titus,m
Tobias,m
Amalia,w
Elise,w
Hannah,w
Josefine,w
Lou,w
Mathilda,w
Matilda,w
Pauline,w
Antonio,m
Cem,m
Luis,m
Oskar,m
Vincent,m
Aleyna,w
Amalia,w
Azra,w
Fatima,w
Isabel,w
Livia,w
Malia,w
Mariam,w
Miray,w
Mona,w
Benedikt,m
Caspar,m
Clemens,m
Lenn,m
Lian,m
Luka,m
Milian,m
Mio,m
Phil,m
Yasin,m
Yiğit,m
Christine,w
Lara,w
Martha,w
Rosa,w
Sara,w
Viktoria,w
Christopher,m
Deniz,m
Efe,m
Fritz,m
Henry,m
Joseph,m
Joshua,m
Levi,m
Milan,m
Oliver,m
Robert,m
Theo,m
Alma,w
Anni,w
Chiara,w
Edda,w
Elise,w
Emelie,w
Emilie,w
Finja,w
Jasmin,w
Kira,w
Lilli,w
Lotte,w
Mayla,w
Vanessa,w
Alex,m
Berat,m
Eymen,m
Henrik,m
Hugo,m
Pepe,m
Sami,m
Selim,m
Sophie,w
Antonia,w
Elena,w
Eva,w
Helena,w
Isabelle,w
Leonie,w
Lina,w
Lucia,w
Mina,w
Naz,w
Ben,m
Elyas,m
Emir,m
Georg,m
Jasper,m
Lukas,m
Mattis,m
Niklas,m
Oscar,m
Raphael,m
Alisa,w
Alva,w
Amy,w
Annika,w
Dalia,w
Eleni,w
Elli,w
Hira,w
Jette,w
Leana,w
Malou,w
Marla,w
Milena,w
Philippa,w
Selina,w
Soraya,w
Zoé,w
Abdullah,m
Adem,m
Ahmet,m
Aron,m
Ayaz,m
Constantin,m
Deniz,m
Diego,m
Emilian,m
Enno,m
Fabio,m
Ian,m
Jason,m
Jayden,m
Jonte,m
Julien,m
Leopold,m
Lias,m
Michel,m
Mikail,m
Nicolas,m
Sam,m
Yunus,m
Alexandra,w
Ida,w
Isabella,w
Julia,w
Lena,w
Liv,w
Lotta,w
Magdalena,w
Michelle,w
Adrian,m
Albert,m
August,m
Carl,m
Eren,m
Florian,m
Gustav,m
Johan,m
Kaan,m
Linus,m
Malik,m
Maria,m
Max,m
Osman,m
Simon,m
Stefan,m
Adriana,w
Alice,w
Alissa,w
Bella,w
Cleo,w
Daria,w
Dilara,w
Emely,w
Erva,w
Esila,w
Franziska,w
Karla,w
Leah,w
Leyla,w
Medina,w
Milla,w
Miriam,w
Nela,w
Nika,w
Nisa,w
Rosalie,w
Ruby,w
Tuana,w
Valeria,w
Viktoria,w
Yasmin,w
Amir,m
Dario,m
Elian,m
Emin,m
Ensar,m
Hendrik,m
Jon,m
Joris,m
Joscha,m
Juri,m
Kenan,m
Kerem,m
Konrad,m
Malte,m
Manuel,m
Marcel,m
Pablo,m
Philip,m
Rayan,m
Roman,m
Youssef,m
Anton,m
Maximilian,m
Paul,m
Peter,m
Johanna,w
Amelie,w
Barbara,w
Frieda,w
Julie,w
Margarete,w
Melody,w
Mira,w
Olivia,w
Ronja,w
Rose,w
Valentina,w
Ahmet,m
Amir,m
Erik,m
Franz,m
Hamza,m
Justus,m
Manuel,m
Ole,m
Pepe,m
Robin,m
Rudolf,m
William,m
Ada,w
Alexandra,w
Amanda,w
Amara,w
Amine,w
Angelina,w
Anisa,w
Annabelle,w
Ayla,w
Cataleya,w
Claire,w
Diana,w
Elin,w
Flora,w
Hazal,w
Isabell,w
Isabelle,w
Julie,w
Karlotta,w
Kiara,w
Laila,w
Lana,w
Lilia,w
Lorena,w
Ahmed,m
Lorin,w
Alessandro,m
Lynn,w
Arda,m
Mavi,w
Bennet,m
Nila,w
Christopher,m
Noemi,w
Colin,m
Rania,w
Darian,m
Ronja,w
Ediz,m
Selma,w
Eliah,m
Sofie,w
Elyas,m
Zara,w
Enes,m
Eray,m
Ferdinand,m
Giuliano,m
Ibrahim,m
Ilias,m
Imran,m
Jerome,m
John,m
Kadir,m
Karlo,m
Lenny,m
Lion,m
Lutz,m
Marc,m
Marco,m
Matthias,m
Michael,m
Miraç,m
Rocco,m
Semih,m
Severin,m
Taylan,m
Tiago,m
Tilo,m
Umut,m
Vito,m
Yahya,m
Josef,m
Charlotte,w
Elisabeth,w
Alicia,w
Azra,w
Ella,w
Friederike,w
Gabriele,w
Grace,w
Hanna,w
Jasmin,w
Joleen,w
Lotte,w
Madita,w
Mae,w
Malina,w
Marina,w
Mathilde,w
Medina,w
Melek,w
Naomi,w
Paula,w
Rosalie,w
Sena,w
Thea,w
Zeynep,w
Zoe,w
Bastian,m
Bernd,m
Caspar,m
Constantin,m
Eduard,m
Emre,m
Erich,m
Eymen,m
Francesco,m
Giuseppe,m
Heinrich,m
Henrik,m
John,m
Leander,m
Leopold,m
Mats,m
Mika,m
Moritz,m
Nicolas,m
Otto,m
Patrick,m
Philip,m
Richard,m
Sami,m
Sascha,m
Talha,m
Tobias,m
Tom,m
Umut,m
Werner,m
Wolfgang,m
Alara,w
Alena,w
Aliya,w
Anouk,w
Aurora,w
Carolin,w
Carolina,w
Ceylin,w
Defne,w
Elissa,w
Eslem,w
Ina,w
Joleen,w
Linn,w
Linnea,w
Lou,w
Lucia,w
Lucy,w
Madeleine,w
Madita,w
Malin,w
Malina,w
Mariella,w
Marina,w
Marleen,w
Mathea,w
Melis,w
Melisa,w
Alend,m
Merve,w
Amar,m
Michelle,w
Amin,m
Mieke,w
Andreas,m
Natalie,w
Arne,m
Samira,w
Artin,m
Yara,w
Artur,m
Yuna,w
Baran,m
Zoey,w
Bo,m
Zümra,w
Charlie,m
Christian,m
Edwin,m
Eliano,m
Fiete,m
Filip,m
Giuseppe,m
Halil,m
Hasan,m
Jakub,m
Jamal,m
Jamie,m
Jannes,m
Jaro,m
Jesse,m
Jim,m
Junis,m
Karim,m
Kerim,m
Keyan,m
Len,m
Leonas,m
Leonhard,m
Leonidas,m
Markus,m
Miguel,m
Miro,m
Nelio,m
Niclas,m
Omar,m
Peter,m
Quentin,m
Salvatore,m
Samir,m
Silas,m
Stefan,m
Taha,m
Younes,m
Alexander,m
Christian,m
Rosa,w
Johann,m
Johannes,m
Michael,m
Wilhelm,m
Agnes,w
Alexa,w
Amélie,w
Anastasia,w
Christa,w
Christiane,w
Elli,w
Emily,w
Erika,w
Esma,w
Estelle,w
Felicitas,w
Florentine,w
Henriette,w
Hermine,w
Hope,w
Kaur,w
Klara,w
Lia,w
Lisa,w
Luana,w
Mara,w
Melina,w
Philippa,w
Romy,w
Ruth,w
Theresa,w
Theresia,w
Valeria,w
Zahra,w
Aaron,m
Adam,m
Alessio,m
Alp,m
Amin,m
André,m
Angelo,m
Artur,m
Bruno,m
Carlos,m
Damian,m
Dean,m
Emilian,m
Fabian,m
Fernando,m
Frank,m
Fynn,m
George,m
Gerd,m
Hector,m
Ibrahim,m
Isa,m
James,m
Jona,m
Jonah,m
Kerem,m
Kurt,m
Lasse,m
Leandro,m
Lennard,m
Leonas,m
Luke,m
Miguel,m
Mirac,m
Muhammed,m
Mustafa,m
Nathanael,m
Nepomuk,m
Pascal,m
Roman,m
Salih,m
Salvatore,m
Severin,m
Tim,m
Tyler,m
Walter,m
Willem,m
Yiğit,m
Ömer,m
Aişe,w
Alexia,w
Alia,w
Almina,w
Ana,w
Anne,w
Ariana,w
Arina,w
Asel,w
Aylin,w
Beatrice,w
Betül,w
Charlie,w
Darya,w
Dayana,w
Derin,w
Dina,w
Ebrar,w
Eda,w
Elanur,w
Eliza,w
Ellen,w
Emina,w
Emmi,w
Esther,w
Felicitas,w
Florentine,w
Fritzi,w
Hatice,w
Helen,w
Irma,w
Jamila,w
Jolina,w
Karina,w
Laia,w
Larissa,w
Lavin,w
Lea-Sophie,w
Adil,m
Lene,w
Adriano,m
Lenya,w
Alan,m
Letizia,w
Alexis,m
Leya,w
Andrej,m
Liah,w
Angelo,m
Liana,w
Atilla,m
Liliana,w
Ayman,m
Lilith,w
Batu,m
Lily,w
Bryan,m
Liz,w
Casper,m
Louise,w
Charles,m
Malak,w
Dante,m
Marlena,w
Davide,m
Marta,w
Dominik,m
Melia,w
Efe,m
Meliha,w
Elijah,m
Milana,w
Emanuel,m
Narin,w
Emirhan,m
Neele,w
Emre,m
Nia,w
Franz,m
Noa,w
Friedrich,m
Nour,w
Harun,m
Pelin,w
Hektor,m
Safia,w
Ilay,m
Safiya,w
Ivan,m
Sherin,w
James,m
Smilla,w
Janne,m
Sunny,w
Jano,m
Tessa,w
Janosch,m
Xenia,w
Josef,m
Zahra,w
José,m
Zeyneb,w
Kai,m
Kalle,m
Kevin,m
Koray,m
Kuzey,m
Leander,m
Lennox,m
Lionel,m
Ludwig,m
Mahir,m
Martin,m
Marvin,m
Matheo,m
Mathis,m
Mattes,m
Maurice,m
Miko,m
Natan,m
Niko,m
Noa,m
Otis,m
Ozan,m
Quinn,m
Richard,m
Robert,m
Ruben,m
Ryan,m
Said,m
Thiago,m
Thilo,m
Thomas,m
Timon,m
Timur,m
Tyler,m
Valentino,m
Victor,m
Vincenzo,m
Yannick,m
Yannik,m
Yaron,m
Zakaria,m
Çınar,m
Luise,w
Margarete,w
qizi,w
Sophia,w
Herbert,m
Otto,m
Theodor,m
Ada,w
Amelia,w
Ann,w
Anouk,w
Aurelia,w
Ava,w
Betül,w
Cataleya,w
Celine,w
Cornelia,w
Eleonora,w
Eliana,w
Eliza,w
Emilie,w
Fatima,w
Fee,w
Francesca,w
Franziska,w
Freya,w
Fritzi,w
Gül,w
Hafsa,w
Isabell,w
Jolie,w
Josephin,w
Juli,w
Juna,w
Karolina,w
Kate,w
Lea,w
Leandra,w
Leia,w
Lene,w
Leonora,w
Leyla,w
Lilia,w
Linn,w
Liya,w
Luz,w
Mailin,w
Maja,w
Malia,w
Margret,w
Mari,w
Matea,w
Merle,w
Michaela,w
Mila,w
Milena,w
Monika,w
Nami,w
Nele,w
Nora,w
Paulina,w
Petra,w
Pia,w
Rabia,w
Sare,w
Alfred,m
Simone,w
Anh,m
Sultan,w
Aras,m
Tanja,w
Aziz,m
Ulrike,w
Bennet,m
Ursula,w
Bent,m
Vera,w
Bernhard,m
Veronika,w
Bo,m
Zoé,w
Burhan,m
Carlo,m
Charlie,m
Christoph,m
Cornelius,m
Demir,m
Dieter,m
Edgar,m
Elia,m
Emilio,m
Enes,m
Ensar,m
Eric,m
Farhan,m
Fiete,m
Frederick,m
Fridolin,m
Gregor,m
Halil,m
Hanno,m
Harald,m
Hasan,m
Haydar,m
Henryk,m
İbrahim,m
Ioannis,m
Jacob,m
Jaron,m
Joachim,m
Jordan,m
José,m
Julien,m
Juri,m
Jürgen,m
Kai,m
Kamil,m
Kemal,m
Kilian,m
Klaus,m
Kofi,m
Krasimirov,m
Lennart,m
Leonardo,m
Leonidas,m
Lian,m
Luan,m
Lucas,m
Malte,m
Marc,m
Marcel,m
Marco,m
Marek,m
Mario,m
Marius,m
Markus,m
Marlon,m
Mateo,m
Maxim,m
Mehmet,m
Mert,m
Metin,m
Michel,m
Milo,m
Mio,m
Mohamed,m
Musa,m
Nikolaus,m
Olaf,m
Pio,m
Ralf,m
René,m
Roland,m
Said,m
Taha,m
Thorsten,m
Till,m
Yunus,m
Aaliyah,w
Adelina,w
Aida,w
Ajla,w
Alaa,w
Alba,w
Alexa,w
Almira,w
Alya,w
Amilia,w
Annabell,w
Annelie,w
Asiya,w
Beren,w
Beyza,w
Catalina,w
Celine,w
Ceren,w
Ceyda,w
Christina,w
Clarissa,w
Damla,w
Dana,w
Despina,w
Destiny,w
Dilay,w
Ece,w
Eliz,w
Ellie,w
Elodie,w
Elsa,w
Emilya,w
Enya,w
Esma,w
Esra,w
Evelyn,w
Evin,w
Feline,w
Filippa,w
Franka,w
Gloria,w
Hailey,w
Alejandro,m
Hana,w
Alois,m
Helene,w
Alp,m
Henriette,w
Alparslan,m
Hilal,w
Alperen,m
Hosna,w
Amos,m
Ikra,w
Aran,m
Inaya,w
Ari,m
Inga,w
Armin,m
Irem,w
Ayan,m
Iva,w
Bastian,m
Ivy,w
Bent,m
Jonna,w
Berkay,m
Josephin,w
Boris,m
Juli,w
Brian,m
Karolina,w
Cem,m
Khadija,w
Collin,m
Kiana,w
Cristiano,m
Kim,w
Darin,m
Lale,w
Davin,m
Leandra,w
Dennis,m
Leila,w
Devin,m
Lenja,w
Devran,m
Leona,w
Devrim,m
Leonora,w
Dian,m
Leticia,w
Dominic,m
Lilou,w
Eduard,m
Lin,w
Edward,m
Loki,w
Elia,m
Lola,w
Elliot,m
Lucie,w
Elvin,m
Maila,w
Elyesa,m
Mariana,w
Emiliano,m
Medine,w
Ertuğrul,m
Melike,w
Falk,m
Meyra,w
Fatih,m
Milou,w
Felipe,m
Nadia,w
Flavio,m
Nahla,w
Francesco,m
Naya,w
Gabriele,m
Nayla,w
George,m
Nazlı,w
Gianluca,m
Nelly,w
Gianni,m
Noelia,w
Hanno,m
Norah,w
Ilja,m
Pina,w
Ioannis,m
Polly,w
Ishak,m
Rabia,w
Iyed,m
Rana,w
Jaron,m
Rebecca,w
Jawad,m
Safa,w
Jordan,m
Salma,w
Joseph,m
Sena,w
Justin,m
Shana,w
Karol,m
Sıla,w
Laurenz,m
Simay,w
Laurin,m
Tara,w
Leano,m
Tasnim,w
Leif,m
Valerie,w
Lino,m
Viola,w
Lorenz,m
Yaren,w
Lorik,m
Yağmur,w
Luano,m
Youssra,w
Magnus,m
Malek,m
Marcello,m
Mario,m
Mathias,m
Matthis,m
Melih,m
Mete,m
Metehan,m
Mikael,m
Mike,m
Mirac,m
Moses,m
Moussa,m
Muhammad,m
Musa,m
Nathan,m
Nelson,m
Nikita,m
Nuno,m
Nuri,m
Onur,m
Osman,m
Patrick,m
Phileas,m
Phillip,m
Rion,m
Rosario,m
Seyyid,m
Sinan,m
Sivan,m
Talha,m
Taro,m
Teo,m
Thore,m
Til,m
Willem,m
William,m
Yakup,m
Yassin,m
Yigit,m
Yunes,m
Hubertus,m
Katharina,w
Toku,m
Angelika,w
Anna,w
Barbara,w
Adem,m
Carla,w
Alfons,m
Emilie,w
Ali,m
Gerda,w
Andreas,m
Gisela,w
Arthur,m
Helene,w
Ben,m
Johanne,w
Dieter,m
Katharina,w
Elias,m
Lou,w
Friedrich,m
Louise,w
Georg,m
Rose,w
Hakan,m
Sofia,w
Heinrich,m
Tomova,w
Hermann,m
Viktoria,w
Jakob,m
Joachim,m
Julius,m
Kasimir,m
Khoa,m
Manfred,m
Maria,m
Noah,m
Oskar,m
Rainer,m
Salem,m
Severin,m
Walter,m
Werner,m
,w
Adriana,w
Agnieszka,w
Agrippina,w
Aleksandrova,w
Alessia,w
Alexia,w
Alice,w
Alva,w
Amalie,w
Amira,w
Andrea,w
Angelika,w
Anita,w
Annabelle,w
Anni,w
Apollonia,w
Aria,w
Ariana,w
Astrid,w
Avin,w
Aylin,w
Babette,w
Banu,w
Carina,w
Carla,w
Carolin,w
Carolina,w
Caroline,w
Chanel,w
Cheyenne,w
Christina,w
Concetta,w
Cristina,w
Denisa,w
Diana,w
Doris,w
Ece,w
Eda,w
Elfi,w
Eliz,w
Ellen,w
Emma,w
Esila,w
Eve,w
Eylül,w
Fabienne,w
Felice,w
Felicia,w
Feline,w
Filippa,w
Fiona,w
Gabriella,w
Gisèle,w
Helen,w
Hifa,w
Ilse,w
Ina,w
Ingeborg,w
Ivanova,w
Jael,w
Jana,w
Jane,w
Jolene,w
Joline,w
Josefin,w
June,w
Kaja,w
Karla,w
Karlotta,w
Kim,w
Konstantina,w
Kübra,w
Larissa,w
Laura,w
Li,w
Lidia,w
,m
Lieselotte,w
Abdullah,m
Lili,w
Abraham,m
Lilly,w
Adrien,m
Linnea,w
Ahmad,m
Liz,w
Alan,m
Loni,w
Alfons,m
Lorena,w
Alois,m
Lorin,w
Alper,m
Lucy,w
Ammar,m
Luna,w
Antonino,m
Lynn,w
Antonius,m
Magdalene,w
Arda,m
Malin,w
Arif,m
Margareta,w
Armin,m
Mariam,w
Arne,m
Mariana,w
Arno,m
Marianna,w
Arthur,m
Marianne,w
Asaf,m
Marlen,w
Ata,m
Marli,w
Aurelius,m
Mathea,w
Ayaz,m
Maya,w
Azim,m
Melin,w
Baki,m
Mercan,w
Balthasar,m
Meryem,w
Bela,m
Meta,w
Benito,m
Milla,w
Bentley,m
Minou,w
Bjarne,m
Nerea,w
Canel,m
Nicole,w
Carmine,m
Noa,w
Casper,m
Panagiota,w
Chris,m
Penelope,w
Christos,m
Philine,w
Cihan,m
Polly,w
Colin,m
Ravza,w
Dennis,m
Rebecca,w
Derek,m
Regina,w
Diego,m
Renée,w
Dursun,m
Ria,w
Ege,m
Ricarda,w
Elian,m
Rosemarie,w
Eliano,m
Ruby,w
Elija,m
Rüya,w
Emanuel,m
Sadar,w
Emmanuel,m
Sahra,w
Emmett,m
Salome,w
Engelbert,m
Sarah,w
Enzo,m
Selma,w
Ertuğrul,m
Serra,w
Fabio,m
Serwaa,w
Fevzi,m
Sofi,w
Filip,m
Soraya,w
Fred,m
Stine,w
Friedemann,m
Susan,w
Gerald,m
Susanne,w
Gerhard,m
Tamara,w
Giancarlo,m
Teresa,w
Giuliano,m
Thalia,w
Günter,m
Tilda,w
Han,m
Trixi,w
Hannes,m
Valerie,w
Hans,m
Vanessa,w
Heinz,m
Vincenza,w
Helmut,m
Yasmin,w
Henning,m
Zehra,w
Hugo,m
Zoey,w
Hussein,m
Zümra,w
Ilay,m
Ilyas,m
Immanuel,m
Ismail,m
Ivo,m
Jack,m
Jackson,m
Jacques,m
Jamal,m
Janek,m
Jannik,m
Jari,m
Jason,m
Jay,m
Jeremia,m
Jesper,m
Jim,m
Joe,m
Jon,m
Jorge,m
Joris,m
Jules,m
Junior,m
Kadir,m
Kamal,m
Karl-Heinz,m
Kaspar,m
Kayden,m
Kağan,m
Konrad,m
Kristian,m
Laurin,m
Leonel,m
Leonhard,m
Levin,m
Lino,m
Lio,m
Lorenzo,m
Ludwig,m
Luiz,m
Mahir,m
Marcus,m
Marian,m
Mark,m
Marvin,m
Matheo,m
Mathis,m
Matthes,m
Matti,m
Maurice,m
Mica,m
Mihai,m
Milchev,m
Minh,m
Miraç,m
Mohammed,m
Nabil,m
Nathaniel,m
Neo,m
Nicholas,m
Niclas,m
Nikolas,m
Noan,m
Norbert,m
Nouri,m
Ove,m
Petrov,m
Rafael,m
Reinhold,m
Ricardo,m
Riza,m
Roberto,m
Roger,m
Ruben,m
Ryan,m
Salim,m
Salvador,m
Sam,m
Samson,m
Selim,m
Sky,m
Steffen,m
Taylan,m
Tiberius,m
Timm,m
Titus,m
Toprak,m
Vincenzo,m
Vito,m
Vitus,m
Volker,m
Willi,m
Wojciech,m
Zain,m
Étienne,m
Aaliya,w
Adama,w
Adar,w
Adea,w
Aimée,w
Aischa,w
Aisha,w
Alana,w
Alea,w
Alenia,w
Aliyah,w
Amal,w
Amely,w
Amra,w
Anastasija,w
Andia,w
Angela,w
Anita,w
Anna-Lena,w
Annabel,w
Antonie,w
Aria,w
Arya,w
Asia,w
Asli,w
Asmin,w
Ayda,w
Ayça,w
Ayşe,w
Barbara,w
Belinay,w
Berenike,w
Beritan,w
Berra,w
Betty,w
Cansu,w
Carlie,w
Caroline,w
Cathy,w
Celin,w
Chanel,w
Chayenne,w
Abdallah,m
Cheyenne,w
Abdulrahman,m
Christine,w
Abdurahman,m
Cora,w
Abdurrahman,m
Cécilia,w
Abraham,m
Céline,w
Adian,m
Dalina,w
Adnan,m
Daniela,w
Aidan,m
Darina,w
Aiden,m
Davina,w
Ajan,m
Debora,w
Alaz,m
Delia,w
Aleksandar,m
Delina,w
Alen,m
Dila,w
Aliyar,m
Dorothea,w
Alpaslan,m
Dunya,w
Amiel,m
Eden,w
Ammar,m
Edina,w
Anas,m
Egzona,w
Andrei,m
Ekaterina,w
André,m
Elaine,w
Angelos,m
Elara,w
Anthony,m
Elea,w
Antonius,m
Elenia,w
Antony,m
Eleysa,w
Aram,m
Eliana,w
Arjen,m
Elida,w
Artiom,m
Elisea,w
Asan,m
Elizabeth,w
Asım,m
Elizan,w
Ata,m
Elmira,w
Atakan,m
Emel,w
Aurelio,m
Emine,w
Ayas,m
Enie,w
Ayoub,m
Esin,w
Azad,m
Estelle,w
Bajram,m
Evelin,w
Baldur,m
Fabienne,w
Batuhan,m
Fanta,w
Beran,m
Fatma,w
Bernardo,m
Felicia,w
Burak,m
Felina,w
Buray,m
Feride,w
Béla,m
Fine,w
Bünyamin,m
Fleur,w
Carlos,m
Florentina,w
Chahine,m
Francesca,w
Christos,m
Gabriela,w
Ciro,m
Giada,w
Connor,m
Gjemile,w
Dalyan,m
Gretchen,w
Damien,m
Hajar,w
Damir,m
Halime,w
Dan,m
Hanne,w
Daniele,m
Hayat,w
Danilo,m
Hedda,w
Darko,m
Hedi,w
Demba,m
Hiba,w
Denis,m
Hilda,w
Dimitar,m
Hilde,w
Dino,m
Ilenia,w
Dion,m
Ileyna,w
Diyako,m
Ilvy,w
Diyar,m
Imke,w
Don,m
Ines,w
Dylan,m
İrem,w
Dzenan,m
Isa,w
Eddie,m
Isra,w
Eldin,m
Ivana,w
Eliyas,m
Ivie,w
Enrique,m
Iwa,w
Eris,m
Jael,w
Eyüp,m
Janna,w
Faris,m
Janne,w
Fernando,m
Jasmina,w
Ferris,m
Jean,w
Finnick,m
Jil,w
Flint,m
Jill,w
Fred,m
Joan,w
Fridolin,m
Joline,w
Furkan,m
Jona,w
Gaetano,m
Judith,w
Georgios,m
Jula,w
Gero,m
Juliana,w
Gian,m
Kaia,w
Giovanni,m
Kamila,w
Gregor,m
Karoline,w
Gustaf,m
Kenza,w
Gustav,m
Kowsar,w
Güney,m
Kristina,w
Habib,m
Lahja,w
Hanna,m
Lania,w
Hannnes,m
Larin,w
Hans,m
Larisa,w
Hector,m
Layla,w
Henning,m
Lejla,w
Hüseyin,m
Leoni,w
İbrahim,m
Levke,w
Ilian,m
Leyna,w
Ilija,m
Lidia,w
Ilkay,m
Lieselotte,w
İlyas,m
Lili,w
İsa,m
Lille,w
Isai,m
Lillian,w
İshak,m
Lio,w
Iyad,m
Liora,w
Jack,m
Lisann,w
Jalil,m
Lisbeth,w
Jari,m
Liselotte,w
Jarik,m
Liva,w
Jeremy,m
Lordina,w
Joan,m
Lotti,w
Johnny,m
Lucile,w
Jonne,m
Luzi,w
Jorik,m
Luzie,w
Junes,m
Lya,w
Jusuf,m
Maali,w
Kacper,m
Mahinur,w
Karam,m
Maia,w
Keno,m
Maide,w
Khaled,m
Malea,w
Khalil,m
Manal,w
Kiano,m
Margarethe,w
Kirill,m
Marieke,w
Kiyan,m
Marilou,w
Knut,m
Maroua,w
Konstantinos,m
Marwa,w
Kristian,m
Mathilde,w
Kubilay,m
Maxi,w
Lean,m
Maxima,w
Leart,m
May,w
Leonel,m
Melanie,w
Leonid,m
Melda,w
Levy,m
Melinda,w
Lewin,m
Mercy,w
Livan,m
Meva,w
Logan,m
Mia-Sophie,w
Lorenzo,m
Mihrimah,w
Lounis,m
Mileen,w
Luc,m
Mimi,w
Luigi,m
Minea,w
Luk,m
Minel,w
Lunis,m
Miral,w
László,m
Mo,w
Mads,m
Nada,w
Mailo,m
Nala,w
Mak,m
Naomi,w
Makdad,m
Nelia,w
Marlo,m
Nena,w
Marten,m
Neyla,w
Matias,m
Nike,w
Maximiliano,m
Nikita,w
Melvin,m
Nil,w
Mervan,m
Noor,w
Micha,m
Oliwia,w
Migel,m
Ona,w
Milad,m
Palina,w
Milano,m
Paola,w
Milat,m
Pippa,w
Milow,m
Piya,w
Mirkan,m
Pola,w
Mirza,m
Polina,w
Muhamed,m
Princess,w
Murat,m
Rachel,w
Musab,m
Rahel,w
Mussa,m
Ravza,w
Nabil,m
Raya,w
Nael,m
Reyyan,w
Nikan,m
Riley,w
Nikodem,m
Rim,w
Nima,m
Rojda,w
Noam,m
Romayssa,w
Noan,m
Romi,w
Noar,m
Romina,w
Nolan,m
Rosel,w
Noé,m
Rosie,w
Odin,m
Roya,w
Oğuz,m
Roza,w
Pascal,m
Rubi,w
Peer,m
Rüya,w
Pit,m
Sabah,w
Raffaele,m
Sahar,w
Rami,m
Samantha,w
Ramon,m
Samiya,w
Remo,m
Sare,w
Riad,m
Sarina,w
Rian,m
Saya,w
Rico,m
Semra,w
Roberto,m
Sevda,w
Romeo,m
Shams,w
Roni,m
Shanaya,w
Ruven,m
Sharon,w
Salih,m
Shirin,w
Salim,m
Sidra,w
Sammy,m
Silviya,w
Samy,m
Sina,w
Sandro,m
Sinem,w
Santino,m
Sira,w
Sem,m
Stephanie,w
Seyed,m
Sumaya,w
Seyit,m
Sumeja,w
Simeon,m
Svea,w
Siyar,m
Tabea,w
Sofian,m
Talia,w
Soufian,m
Taliya,w
Syed,m
Tamara,w
Tammo,m
Tiara,w
Tekin,m
Toni,w
Thorben,m
Tuba,w
Tiam,m
Uma,w
Timm,m
Veronika,w
Tino,m
Vesna,w
Tizian,m
Viana,w
Tolga,m
Vittoria,w
Toprak,m
Viyan,w
Valerio,m
Wilma,w
Viktor,m
Yael,w
Vitus,m
Yamina,w
Walid,m
Yasmina,w
Wasim,m
Yasmine,w
Willi,m
Zelal,w
Yannis,m
Zeyna,w
Yavuz,m
Zina,w
Yonah,m
Zofia,w
Yoshua,m
Özge,w
Yusein,m
Şefika,w
Yuşa,m
Ziad,m
